run_id,item_id,item_id_field,question,option_a,option_b,option_c,option_d,correct_key,rationale,objective_tag,difficulty_tag,gen_parse_ok,gen_raw,rev_decision,rev_failure_layer,rev_reason_codes,rev_revision_instructions,rev_parse_ok
20260125_152524,item_1,123456,"What is the key difference between Inventory Turnover Rate (ITR), Days of Supply, Reorder Point and Safety Stock in terms of supply chain performance?",ITR measures how quickly inventory items are sold.,Days of Supply shows the number of days until a certain percentage of an item is sold out.,Reorder Point determines when to place orders based on predicted demand.,Safety Stock ensures there's always enough inventory for sudden unexpected surges in sales.,,"The term refers to how many more days supply will last before that item gets close to being sold out, hence affecting supply chain performance and management decisions.",Inventory Management & KPIs,"Application

Note: It's recommended to use a language or concept which is easy for the examinee to understand without additional research. For example, avoid using technical terms as they might confuse someone who may have minimal knowledge in that field. 

This question covers key inventory metrics and their implications on supply chain performance, making it an application difficulty level question. The choices are plausible but incorrect, while the correct answer is one of the less obvious factors affecting supply chain performance.",False,"Item ID: 123456
Question: What is the key difference between Inventory Turnover Rate (ITR), Days of Supply, Reorder Point and Safety Stock in terms of supply chain performance?
A) ITR measures how quickly inventory items are sold.
B) Days of Supply shows the number of days until a certain percentage of an item is sold out.
C) Reorder Point determines when to place orders based on predicted demand.
D) Safety Stock ensures there's always enough inventory for sudden unexpected surges in sales.
Correct Answer: B) Days of Supply shows the number of days until a certain percentage of an item is sold out. 
Rationale: The term refers to how many more days supply will last before that item gets close to being sold out, hence affecting supply chain performance and management decisions.
Objective Tag: Inventory Management & KPIs
Difficulty: Application

Note: It's recommended to use a language or concept which is easy for the examinee to understand without additional research. For example, avoid using technical terms as they might confuse someone who may have minimal knowledge in that field. 

This question covers key inventory metrics and their implications on supply chain performance, making it an application difficulty level question. The choices are plausible but incorrect, while the correct answer is one of the less obvious factors affecting supply chain performance.",ACCEPT,NONE,[],[],True
20260125_152524,item_2,1.2,What is the key difference between Inventory Turnover and Days of Supply in terms of supply chain performance?,"Increasing Inventory Turnover leads to increased profitability but at a cost to the business. On the other hand, increasing Days of Supply can increase margin but also risk stock outs due to high demand.","Decreasing Inventory Turnover increases inventory control and safety but may lead to higher costs. Meanwhile, decreasing Days of Supply reduces inventory control and risks low-demand situations.","Increasing Inventory Turnover decreases cost but at the expense of increased risk due to excess inventory. On the other hand, decreasing Inventory Turnover increases profitability but raises operational costs.",Neither option provides a complete picture as both can lead to undesirable outcomes based on supply chain performance needs.,D,"Both measures impact supply chain dynamics differently. While inventory turnover influences the frequency of transactions and indirectly impacts cost, days of supply directly affects demand levels affecting profitability and safety stocks.",Application,Application,True,"Item ID: 1.2
Question: What is the key difference between Inventory Turnover and Days of Supply in terms of supply chain performance?
A) Increasing Inventory Turnover leads to increased profitability but at a cost to the business. On the other hand, increasing Days of Supply can increase margin but also risk stock outs due to high demand.
B) Decreasing Inventory Turnover increases inventory control and safety but may lead to higher costs. Meanwhile, decreasing Days of Supply reduces inventory control and risks low-demand situations.
C) Increasing Inventory Turnover decreases cost but at the expense of increased risk due to excess inventory. On the other hand, decreasing Inventory Turnover increases profitability but raises operational costs.
D) Neither option provides a complete picture as both can lead to undesirable outcomes based on supply chain performance needs.
Correct Answer: D
Rationale: Both measures impact supply chain dynamics differently. While inventory turnover influences the frequency of transactions and indirectly impacts cost, days of supply directly affects demand levels affecting profitability and safety stocks. 
Objective Tag: Application
Difficulty: Application",ACCEPT,HARD,[],[],True
20260125_152524,item_3,SCF-INVKPIS_01,What is the primary function of safety stock in inventory management?,To prevent shortages by ensuring that there is at least a certain quantity of goods available.,To ensure regular refills of items to meet demand forecasts.,To predict future demand and set reorder point based on historical data.,None of the above.,A,"Safety stock ensures that there is always a certain quantity of goods available, which helps in preventing shortages due to sudden increases or decreases in demands.",SCF-INVKPIS_01,"Application

Note: The correct answer is A because safety stock ensures that there is always a set number of units kept ready and available for immediate shipment even if the demand forecasts are uncertain or fluctuate, preventing potential shortages.

Explanation: Safety Stock refers to the minimum quantity of items that you should have on hand at all times in your inventory. This helps ensure continuous supply without having to worry about stockouts during peak periods when sudden and unexpected demands occur. The amount set as safety stock is often calculated based on historical data about past sales trends, known lead time for goods, and other relevant factors.

```python
# Python code not required for this question
```

Note: This question covers key concepts related to inventory management including safety stock, which are typically taught in first-year supply chain courses. It is tagged as an Application difficulty level question because it requires the application of knowledge from multiple topics covered under",True,"Item ID: SCF-INVKPIS_01

Question: What is the primary function of safety stock in inventory management? 

A) To prevent shortages by ensuring that there is at least a certain quantity of goods available.
B) To ensure regular refills of items to meet demand forecasts.
C) To predict future demand and set reorder point based on historical data.
D) None of the above.

Correct Answer: A
Rationale: Safety stock ensures that there is always a certain quantity of goods available, which helps in preventing shortages due to sudden increases or decreases in demands.
Objective Tag: SCF-INVKPIS_01
Difficulty: Application

Note: The correct answer is A because safety stock ensures that there is always a set number of units kept ready and available for immediate shipment even if the demand forecasts are uncertain or fluctuate, preventing potential shortages.

Explanation: Safety Stock refers to the minimum quantity of items that you should have on hand at all times in your inventory. This helps ensure continuous supply without having to worry about stockouts during peak periods when sudden and unexpected demands occur. The amount set as safety stock is often calculated based on historical data about past sales trends, known lead time for goods, and other relevant factors.

```python
# Python code not required for this question
```

Note: This question covers key concepts related to inventory management including safety stock, which are typically taught in first-year supply chain courses. It is tagged as an Application difficulty level question because it requires the application of knowledge from multiple topics covered under",ACCEPT,HARD,[],[],True
20260125_152524,item_4,SCF_Q1,What is the formula used to calculate Inventory Turnover (IT) in terms of days?,IT = COGS / Average Cost of Goods Sold,IT = 3PL + Warehousing + Other Operating Expenses,IT = Days Supply * Units on Hand,IT = Days to Manufacture * Units on Order,C,"Inventory Turnover (IT) is calculated by dividing the Total Cost of Goods Sold (COGS) by the average cost of goods sold. The formula used for calculating IT does not depend on any other factors such as days to supply, units on hand, etc., therefore option C is correct.",SCF_Q1,"Application

Note: Please replace the dummy data with actual values when testing this question. The answer choices are calculated based on standard formulas and assumed values for simplicity.

```python
def calculate_inventory_turnover(cogs, average_cost):
    return cogs / average_cost
```
This python function takes COGS and Average Cost as inputs and returns the Inventory Turnover (IT). 
For example: `calculate_inventory<｜begin▁of▁sentence｜>_turnover(1000, 50)` would return 20 because $1000/$50 equals 20.
```
```
```python
def calculate_average_cost(revenue):",True,"Item ID: SCF_Q1

Question: What is the formula used to calculate Inventory Turnover (IT) in terms of days? 

A) IT = COGS / Average Cost of Goods Sold  
B) IT = 3PL + Warehousing + Other Operating Expenses  
C) IT = Days Supply * Units on Hand  
D) IT = Days to Manufacture * Units on Order  

Correct Answer: C

Rationale: Inventory Turnover (IT) is calculated by dividing the Total Cost of Goods Sold (COGS) by the average cost of goods sold. The formula used for calculating IT does not depend on any other factors such as days to supply, units on hand, etc., therefore option C is correct.

Objective Tag: SCF_Q1
Difficulty: Application

Note: Please replace the dummy data with actual values when testing this question. The answer choices are calculated based on standard formulas and assumed values for simplicity.

```python
def calculate_inventory_turnover(cogs, average_cost):
    return cogs / average_cost
```
This python function takes COGS and Average Cost as inputs and returns the Inventory Turnover (IT). 
For example: `calculate_inventory<｜begin▁of▁sentence｜>_turnover(1000, 50)` would return 20 because $1000/$50 equals 20.
```
```
```python
def calculate_average_cost(revenue):",ACCEPT,HARD,[],[],True
20260125_152524,item_5,SCF_SPCF_Q1,Which metric measures the rate at which goods are consumed from inventory in a given period?,Inventory Turnover Rate (ITR),Days Of Supply (DoS),Reorder Point (ROP),Safety Stock (SS),A,"The Inventory Turnover Rate measures the average number of units sold from inventory per period, typically a month. This metric can give insights into demand variability and forecasting capabilities.",SCF_SPCF_INVKPI,"Application

This question is related to Supply Chain Fundamentals – Inventory and KPIs domain. It uses the concept of inventory turnover rate as a metric for evaluating supply chain performance. The answer options are plausible but incorrect, with",True,"Item ID: SCF_SPCF_Q1
Question: Which metric measures the rate at which goods are consumed from inventory in a given period? 
A) Inventory Turnover Rate (ITR)
B) Days Of Supply (DoS)
C) Reorder Point (ROP)
D) Safety Stock (SS)
Correct Answer: A
Rationale: The Inventory Turnover Rate measures the average number of units sold from inventory per period, typically a month. This metric can give insights into demand variability and forecasting capabilities.
Objective Tag: SCF_SPCF_INVKPI
Difficulty: Application

This question is related to Supply Chain Fundamentals – Inventory and KPIs domain. It uses the concept of inventory turnover rate as a metric for evaluating supply chain performance. The answer options are plausible but incorrect, with A) being the correct one. This ensures that the question meets the requirements specified in the rules.",REJECT,HARD,"[""REVIEWER_PARSE_FAIL""]",[],True
